,0,1,2,3,4,5,6,7,8,9,10,11,12,13,14,15,16,17,18,19,20,21,22,23,24,25,26,27,28,29,30,31,32,33,34,35,36,37,38,39,40,41,42,43,44,45,46,47,48,49
0,0.0,0.05361955804284304,0.0,2.3115001613802497,6.22083743675993,0.000629177716999346,0.0,0.0016120882419005489,0.26955902907766255,0.030364528109331105,4.453112621507239,0.0036386048086334056,0.0,0.006546724186649964,0.0,0.006326794616068848,0.03655203346021444,0.004130291450312215,0.00031973515834082935,0.28840892671222945,0.003162070550580568,0.012556794544909019,0.010712782859037472,0.00032979318834252603,0.05230791815617464,0.00224399956841214,7.090338283285403,2.121960126080436,0.0038032673213709797,0.3108304175115488,7.7504138619531835,0.028075134287484094,0.00023647010213369014,0.29172711339135593,0.003761698274996152,0.36193051909429513,0.0009805079457945614,0.0005167767938362157,0.29659839171570673,7.4584561482554514,0.0,0.0029028908745808235,0.0029825769819944096,0.023560427048120558,0.0,0.001840447526028138,9.69253097472998e-05,0.02264577033367113,0.003989061295856495,0.017270917651812885
1,0.027688316456468298,0.0,0.0002072265875526253,0.28014789417607355,0.044646510348243275,0.02633256083962735,0.0003385525551648095,0.0002952230525429886,0.09306650428979632,0.1547897313500919,0.02503981517021159,4.274968881398897,0.00011636438663753395,0.0,0.0,0.3171163096247161,0.01806010210518934,0.0,0.0001015237999142805,0.02091081875636603,0.0,0.02113564222207317,0.0013641491962575057,0.000970029409082827,0.1125869095266538,0.00031600828791647,0.4656294336648056,0.06439803468834944,0.0001022657232928283,0.0276597963598676,0.02315376938658558,0.017029668440505262,32.82537618386905,0.016183321891218804,0.0009651123814852279,0.33185808552622914,0.0022215763769521594,0.0,0.015266826395718263,0.054365686761527476,0.0,0.0,0.0003928421970661861,0.2821069320447122,0.0,0.004411853957985678,0.00011980873565085049,0.0082906839496991,0.0004905838217367427,0.003167263422358819
2,0.0027563464468678867,0.005856846705791823,0.0,0.04134854337351123,0.018116497227392718,0.00812069320997399,0.0003240193226962363,0.011296794471372221,0.0,0.006403798474106952,0.007265537857969196,0.22088921402188627,0.0,0.0,0.004926321852041342,0.0046623823593662204,0.0018509446762541891,0.0,7.110484448182862e-05,0.0023535873359917412,0.0,0.061169310283938884,0.000527131636832419,0.0004195234608308572,0.02930634512345481,0.005093837084042658,0.04157120753886012,0.00893792674659909,0.0,0.0014109847892898777,0.015365935328080341,0.03768714510252513,5.397912216897728,0.002120741556906232,0.0009105388486311764,0.0038650334227871364,0.0,0.0,0.0076676692357741045,0.006522824623130461,0.0008047715849172773,0.0,0.0010689567041783684,0.02328487923602634,0.00019082912989546008,33.447337061368266,0.044658163348691236,0.08831113981804833,0.0008095369831217499,0.00019246110212426895
3,0.0,0.0,0.0,0.0,0.0,0.0,0.0,4.100957552765373e-05,0.0,0.0,0.0,0.0,0.0,0.009802385546849084,0.0,0.0,0.0,0.0,0.0,20.43316172336458,0.0,0.0006385313300028049,0.0,0.0,0.0,0.0,0.0,0.0,0.0006510465428189151,0.0,0.0,0.0,0.0,19.11800677765754,0.0,0.0,0.0,0.0,0.0,0.0,0.0,0.0,0.0,0.0,0.0,9.589782586375284e-05,4.001665901494686e-05,0.0,0.0009514146299679997,0.0
4,16.967396348347357,0.009546839309636453,0.00032977349719598924,1.0385875004401783,0.0,0.0,0.00019919956033741124,0.0005679947071477049,0.0678075260027196,0.01129259280240913,0.09772785405629864,0.0035472075738049455,0.0,0.023091652634717005,0.0,0.02984863172728459,0.01096107254902232,0.002415374074880284,0.0005431740176490159,0.115939575604358,9.277786091651311e-05,0.0063082241662377305,0.03019277180698208,0.0008378200320289189,0.006286624227039187,0.0006845343232769315,1.371967642482762,0.48168266930240705,0.0,0.07983329551267539,2.455520620792585,0.04223034596032543,0.0005688152814325958,0.1495409470427781,0.022075773561658213,0.15464983664620263,0.0,0.0,0.4991128783667431,15.550943641961283,0.001845475027771571,0.0,0.01029190387592009,0.05365765570482625,0.00017349425329023514,0.00020219856066449585,0.0018137007913626901,0.25969351643658817,0.0,0.0033793222473973623
5,0.007626062169763261,0.008621327159163078,0.026447402516150596,0.04445997995887027,0.03762066572643943,0.0,0.0,0.00970053563048269,0.004381784431642454,0.008463374119074574,0.005920802154020086,0.2767333836077515,0.0,0.001962580267828672,0.0010767829360039665,0.054278278436340886,0.0,0.0,0.0,0.003545826374455553,9.518805705872883e-05,2.1157009031980465,0.00011891094814246443,0.000635933243559207,0.14439527421831405,0.0014292429184135922,0.04851811452349893,0.018125763926088535,0.0,0.0022102531023703033,0.10770781477956953,0.006720119347361994,0.0712000277905955,0.004070709907478519,0.0021822424583555627,0.04654365904287199,0.0,0.0,0.00613553078190534,0.010217388892987738,0.0013336174235074533,0.0,0.0004207161253747104,3.7478764468588435,0.0001276813148947288,5.983076231611531,0.00030834374321115927,26.752807713805144,0.0,0.0005921896265555181
6,0.0,0.0,0.0,0.004383051312748318,0.00011186180038387351,0.0,0.0,0.0007817276914666307,0.0,0.0,7.799964568230238e-05,0.0,0.0002295201198212014,0.055269662650722515,0.0007288610532418898,0.0,0.0002955067631423221,8.433790707056363e-05,39.47641156877261,0.0,0.0005562667077879914,0.0,0.008015023063269858,0.0,0.0,0.005899779762593612,0.00027953574223653013,0.00039403514080170053,0.000173157034835692,0.00045791168042137417,0.0013330937943541264,0.0006970133304214286,0.0,0.0013401558310988848,0.00010963001439992683,0.0,7.884541137245952e-05,0.0011709653264674717,0.0002433008351238619,0.00020798661595396333,0.000258066673429641,0.0005970711590048241,0.0007114746422922903,0.0,0.0011244646512799678,0.0,0.0,4.081285432002406e-05,0.0,0.0013261151448570195
7,0.0001660505452568052,0.0005784901120694183,0.002082850325387623,0.0037610789533092997,0.0006086541197935099,0.0,0.0,0.0,0.0,9.588756777917796e-05,0.0,0.0006116697123887491,0.0,0.00021529650028069043,0.005867354572810807,0.0,0.00021697562076699928,0.0014356457153350004,0.00016551086104135132,8.527138878634001e-05,0.0,0.0025108117397034915,0.00010635811596588658,0.0018365128305642543,0.0,0.0041523990106427985,0.0,0.0,39.49920645460175,0.00015688212817451105,0.0015870163482633,0.0002848413067945534,0.00029844731212232443,0.0,0.0,0.0,0.0062973980528481625,0.0,0.0012810491008107701,0.0006030456644927225,0.0024202487246195665,0.0,0.0,0.0007742489901024284,0.0,0.0,0.0,0.02598235321132029,0.0,0.0
8,0.2201304964958719,0.07158274444735728,0.0,2.0802982174311393,0.04169197993561887,0.0032678392659215624,0.0,0.0,0.0,21.529169205771076,1.3770562219951246,0.0007428232342995256,0.0,0.000493236933444329,0.0,0.1332322294655588,1.3001098608559627,8.605239580426375e-05,0.0,0.8562184889327429,0.0,0.0016932386002743104,0.013193082372790722,0.0005924874973801059,0.01011581359588076,0.00020320544625894283,0.26739607203851734,7.341860827946035,0.00011037034969790834,2.252255950719483,0.0365816225627609,0.014289687198222127,0.0,0.3957049706708688,0.001745988689248303,1.0549463570346647,0.0017805524446487169,0.0,0.16496306206877615,0.3671760941455313,0.0011609238674248252,0.005591609142725341,0.0009028620290166757,0.0034179308221737527,0.0,0.0,0.0,0.0030498092338955987,0.0005714601084567965,0.010005427386950582
9,0.21359067452914227,0.36782828385696137,0.0,1.5371602109389522,0.022567126304816117,0.00010010980632406696,0.0,0.0,15.175231978560504,0.0,0.4608226979082128,0.001686617983083812,0.0,0.0037193053969590516,0.0,1.099819351653287,0.1840040413231531,0.00023373599722331385,0.0,0.8514560235329197,0.0,0.001909840521971997,0.004459071053753944,0.0,0.007514975649135204,0.0006283047559079776,1.1790529289488116,0.8598712526413815,0.0,9.635138549093416,0.05987369596216585,0.02953376046620504,0.0,0.1824154750285127,0.002415695297030408,6.903708860217529,0.0,0.00021984452978733864,0.19585493204504403,0.5514251999331677,0.00010628982527998779,0.00035991154218691643,0.0013910145211548169,0.017271975852902095,0.0,0.0014848697733311805,0.00022474413538620656,0.006165147336547388,0.0,0.004142306209263208
10,14.622976258168606,0.023623371595128437,0.0003355374888565979,2.0199890153423743,0.06639798803040999,9.081877200032238e-05,0.000928003845962024,0.0,1.069405827360186,0.0693034332497917,0.0,0.020470677614411487,0.00025317988082345364,0.0009427451970329761,0.0006838549991884716,0.08467578847467794,0.06756651674899498,0.0016361352148459478,0.0,0.42701822486157287,0.0006242517769039113,0.0013613754438840157,0.008423167699394827,0.0,0.0052848396103071455,0.0018301288948362462,7.1438828077721235,5.3965902440082845,0.0,0.522843596902445,0.10313635789137938,0.022231396977525224,0.001264627165189563,0.1893890593237353,0.006709511749605379,0.8250360424895959,0.004167720994446453,0.0,0.6542680192000917,6.136346501421016,0.0025537817501795177,0.015039037943603107,0.00041673984432795874,0.036547627668991584,0.0,0.00020674637506611502,0.0,0.00622542921355941,0.0013069039248890856,0.0014055102443846965
11,0.24729104928855417,1.302898402171114,0.43154923342129586,0.2861288976649828,0.016189951988509834,0.021126966935845766,0.0008991638741890593,0.0012775604201529594,0.19567429390468044,0.11137551870834181,0.15930099735396636,0.0,0.0005432562450780802,0.0030130145262306915,0.0,0.7753788147479427,0.01108586397940236,0.00040776985120324915,0.00035900594656960213,0.05750535029500458,0.0,0.04058269197705917,0.0013413882243084358,0.0,30.10815592779114,0.0019041190049878215,0.9972755280137983,0.07079552539965069,0.0,0.041519268016429134,0.22192426000447035,2.1508272226589797,0.0017792791887133585,0.03978139501520195,0.007003429125106744,0.8952658249448204,0.008769280451978315,0.00040320709875799613,0.02692540114173485,0.11888042243478289,0.0005037542592527677,0.0,0.0,1.1563375749040545,0.0,0.030475975454946822,0.002373172361625559,0.017922871736071447,0.0,0.0006361726031010747
12,0.001091859134132436,0.0,0.00012574333676219213,0.010691444877215244,0.0,0.0,0.0,0.026592789319102524,0.00027697385041304025,9.567281332790863e-05,0.00031874652422901866,0.00043246112829077197,0.0,0.007576361061671001,0.0011729456718926258,0.0,9.56923772972774e-05,0.00077002322250773,0.0,0.0010246393191093001,0.0012939371406039462,0.0,0.0013064576331120116,0.0012358986622888256,0.0,0.0049511298114507316,0.000820992344216905,0.00032576903734739845,0.0,0.0018148043978958555,0.002784308677827447,0.0,0.00020708363182359068,0.000874083890839004,0.0,0.0008748529753424267,0.0,0.01037937721309767,0.0015358139129053273,0.0038924948766829812,0.024717806660449194,0.0,0.0030260939971320866,0.0004293506694055761,0.00047129360570896195,0.0,0.00027007866731170696,0.0027343995322816716,39.44896064080903,0.00021678235051133797
13,0.0002733845006510084,0.0,8.689162845446339e-05,0.01068293514525899,0.00548659355969577,0.0,39.46083623337362,0.0015828248979243838,0.00020199795584975865,9.650364900081576e-05,0.0007072535124096964,0.0,0.007230808575782214,0.0,0.0,0.00037111242445871486,0.0,0.00016486954933153113,0.005132257235038977,0.001008596428100776,0.0071815642774500504,0.0,0.005915792705436424,0.017576388729938212,0.0007017059660348223,0.00028811723925617954,0.0,0.0014318247159198813,0.0,0.0008513195227128185,0.004307937401275107,9.866896333367967e-05,0.0,0.0006643373553675467,0.011671818352838734,0.00028592485201199287,0.0,0.006355558065638876,0.0012290224966711963,0.0009803294910138225,0.005542896655213422,0.0,0.0,0.0,0.0,0.0,0.0006424147720516507,0.0010897247543840733,0.00019566369552681298,0.0025155306855914675
14,0.0015290492737257966,0.00023249440998213423,0.0,0.0016242641897579906,0.0,0.003231757643362406,0.0005988772001832654,0.0005309086906738374,0.0007376697837416198,0.0,0.0011460056827233918,0.0018383044375594154,0.00011229993454019515,0.0,0.0,0.0003110366204056245,0.0,0.0,0.0,0.00011538964780697496,0.0,0.00023070755951090904,0.00023673084565780826,0.0,0.0,0.0,0.0,0.0,0.017189584273119157,9.071460628885232e-05,0.0022191872185739724,0.0002048904077847251,0.0,7.541636079610013e-05,0.001552651172893505,0.00034194657571957725,0.009955924228546086,0.0,0.0,0.00011087585390606883,0.0,0.0,0.00031579359973493454,0.00039901284530916047,0.0,0.0,39.48271469700593,0.03508523450066437,0.000657378564319065,0.0
15,0.2882419183110186,22.868460283126435,0.006952250205069715,0.5901156617911303,0.014691227570351273,0.0,0.0006182851475922963,0.0002068959624809178,1.8662884090838856,0.9163491979600016,0.39617953467418426,0.20035791073783776,0.0,0.0,7.526460562192516e-05,0.0,0.14152304510201708,0.001354350789633704,0.0014267643844319243,0.12008060060179498,4.141878696242274e-05,0.009274592612637281,0.0029773561538244207,0.0,3.3856849374290743,0.00037171353884050696,0.9854131520451705,0.3199663809826329,0.0006781207170408585,0.11697218678816057,0.0756028528264387,0.05219285332991883,0.07624394255327566,0.10146976060502437,0.0012211209415852304,6.485956079955658,0.0,0.0,0.07395543507924256,0.28541331483603666,0.00022027906184216652,0.004068674652214212,0.0003249788550003636,0.1534672642963023,0.0,0.0014966848095305041,0.0,0.015950947994644898,0.0003803186597959985,0.0011228355689701177
16,0.02289105799461634,0.003508743708443286,0.0005159732143596575,2.0046875401897495,0.1279930072712547,0.0,9.765056454398785e-05,0.0,5.509465447346659,0.04414125169029626,0.11018494759080112,0.0011204303744261769,0.0,0.005791120488283315,5.784112155862397e-05,0.007331174856299567,0.0,0.0,4.001665901494686e-05,6.156318004333053,0.00011723211782004232,0.00032460730357713465,0.05251563455373655,9.231332776093941e-05,0.009349429771867862,0.0010709452275189254,0.22487583242160983,7.016229696139671,0.0,16.068515403782428,0.016154218486194638,0.017659565740336714,0.0,0.3054689223832903,0.001846747628139701,0.035789133299887144,0.00010859533379869866,0.0004712952266933137,0.12092881275181558,1.6827298404910487,0.0002977385535211111,0.0,0.00010270227479179778,0.0015905526872126968,0.0010186905351908307,0.0,0.0,0.0033869694866776124,0.0,0.008599716202243314
17,0.0013668862892817848,0.0,0.0004917196047544346,0.008620245699715246,0.0013051818172751272,0.0,0.0,0.0,0.00017894766559279165,0.0003008917442363717,0.0004969784919500518,0.0,0.0,0.0003240236265745239,0.0,0.0002316257099744145,0.0,0.0,0.0010107723559308142,0.0004953799869205658,0.01866865978602339,0.0,0.0011568995718161403,39.49859018450389,0.0,0.010620568387276085,0.0013320344916088107,0.0,0.0,0.0005697819152807071,0.00029049901591136494,9.768409980563145e-05,0.0,0.0006707852058579746,0.00023051949453861052,0.0006158273350571748,0.0,0.0007176482087034791,7.956497453215391e-05,0.0013009002045945872,0.004711695188161364,0.004355768611623648,0.0,0.0,0.00020107385130677347,0.0,9.368318275665207e-05,0.0008898392638259297,0.0030530050901142387,0.00031952775827933603
18,0.0,0.0,0.0,0.0040934057958465185,0.0,0.0004927176188282696,0.0087552098236949,0.0006289093507197184,0.0,9.931535638330418e-05,0.0005100597816589747,0.00028275523794144686,0.0003717993609455968,0.003786185011503773,0.0,8.203446751477049e-05,0.0,0.002073424805615609,0.0,0.00039616507557627796,0.0,0.0,0.00032803000607688925,0.0010237765308091374,0.0003159943579711489,0.010006172789145971,0.00010887938761525533,0.00021182338139692775,0.00016979172695129094,8.922189259404407e-05,0.0008787213966952421,0.0,0.0,0.0009722623001754549,0.00218770337800896,0.00010143533910738,0.0,0.0004838767243289478,0.0,0.0004421176032653742,0.0026933855699376175,0.00041958796141011533,0.00047735877648154675,0.00045783537798895006,39.519594698183376,0.0,0.00018478680381277978,0.0,0.0003544135940033934,0.0003149483658007618
19,0.12729112228172176,0.010968659897249992,0.0,3.342901304681797,0.04087395990735019,0.0,3.973975131478457e-05,0.0008817905157941232,0.13133567373400246,0.45526470690828724,0.39238290606896253,0.00022194771552781377,0.00010226786514599169,0.006787900062181265,0.0,0.04180303877875941,29.571897468894242,0.0012370231187329508,0.0,0.0,0.0,0.0006732410091195726,0.057797811164264426,0.00019307325885192393,0.0020459368722807406,0.003277800226409266,0.19507880705585956,3.0416632214229185,0.0,0.40672170914922035,0.03265662696741386,0.030654366021187075,0.003004665661906132,0.0023671043471666397,0.003110221455279397,0.15234952245805425,0.0,0.0007259933037870904,1.194031315746462,0.2943857693098398,0.00018642197131496337,0.0026152898074336267,0.000429481540323647,0.004050306205551443,0.00034021028051601436,0.0,0.00045091386914057304,0.005924369810131357,0.0005149576740268678,0.004150156365593398
20,0.0,0.00010415030641307702,0.0,0.008394514272540897,0.0,0.0,0.058977881917717315,0.001892914476617422,0.0003588975796346166,8.980212062635442e-05,0.0007137307903612423,0.0005552049889625265,0.0013383598454434075,0.0010141165763250203,0.0,0.0,0.0002619678184923829,0.0,0.0003508233773310755,0.0,0.0,0.0013333336034306862,0.0022975715184710885,0.0,0.0,0.03161440030775187,0.0005088905921775008,0.0013706951249069243,0.0,0.0019117923111589157,0.0002296624078959514,0.00010310511405529706,0.0,0.0003154952772710292,0.00010682484703600826,0.000523103757762405,0.0039136796310512475,39.427961424098946,0.003116937228690899,0.0005448894409410569,0.0068036707005377116,0.0012969043766078033,0.0009101654307488291,0.0,0.004258305661646244,0.0,0.0,0.00021558763164517588,0.0,0.0
21,0.06982671979245778,0.045613210733437846,0.14157404865466397,0.2616724470713369,0.044175343645479086,0.9721454784562347,0.0,0.0,0.026327086610499924,0.004979625632756552,0.011623291292626643,0.10761411135862207,0.00037360279518696435,0.00040077577489678945,0.0,0.004587053638600788,0.0018113725642317766,0.001919316298814448,0.0006476755161681342,0.02597249707519698,0.0001979612144308347,0.0,0.0021937346253302964,0.0,0.014748342024302785,0.00023392437848063916,0.03894076339861209,0.046099059068024445,0.011338050986341391,0.015602329779955888,0.2349388645169548,0.07222671425667891,0.002924345156427717,0.017836253101764673,0.0032456416654794654,0.032066127597576814,0.00128789557250637,0.00019671141808238373,0.022635798524406364,0.05913127913353341,0.0,0.0,0.007123999686249831,29.932021657749036,0.0001820613525628994,0.0,0.0076355595819723576,7.312517277500068,0.0012717649856485475,0.005529028948360895
22,0.0008451019841109809,0.0,0.0,0.18914685568033415,0.008291882592980776,0.0,0.0,0.0,0.00046427477915271997,0.002979079550274632,0.0019469782935366312,9.879104375938458e-05,0.0,0.015405376549035512,0.0,0.0005660539882434265,0.003463728696501815,0.008683916985598544,0.0,0.001816708037324334,0.002163673995707891,0.0,0.0,0.00012094179391074267,0.0016006721041639878,0.0012747594756973074,0.00011918742046125857,0.006735331678355846,0.00014696787641760582,0.023643585629615042,0.001599675510673038,0.0017456857364355114,0.000374244272307381,0.015325025179519898,0.00011706577557147578,0.0015324301958977245,0.0,0.0005757856401611651,0.009538804283035352,0.006102917925984103,0.00047694736681420317,39.25214366298997,0.0005133606304451991,0.0010723141562798502,0.0,0.0,0.0,0.0009593823791980113,0.0,0.0017976329357325552
23,0.008110941379632693,9.163739770530137e-05,0.0,0.012145515241593439,0.001265799958831161,0.0,0.002630751654458064,0.0,0.0009734365656392046,0.0,0.0,0.0,0.0,0.0023658311960847076,0.0,0.0,0.0,0.008205251154102424,0.0009666935127059717,0.001273791303309639,0.0002328648970429983,0.00021194858566610117,0.0007417997125326751,0.0,0.0008856111614040565,39.34624426896145,0.000532063966343572,0.0010192182675531486,0.00028771834016278283,0.0008130675615887675,0.0006325042539560807,0.0,0.0002661785970520739,0.0013997959141953677,0.0032188208317783153,0.00041165796700329965,0.0,0.05561862774619491,0.0021877627396251088,0.0,0.0014679359965113967,0.0004252089264253553,0.07440754735430635,0.0,0.002343425153249435,0.0,0.0009882591713904398,0.005101801886618652,0.024179277510960304,0.001741788266108726
24,0.05816464623810574,5.4727881161416665,0.0021108296428446133,0.22043410249990344,0.03606832889694391,0.0,0.0,0.0,0.4244455526900994,0.2300776639493368,0.2150546471165358,0.07695377943072224,0.00010432983016903074,0.0,0.0,30.929092084161443,0.030707823165238207,0.0,0.0,0.037354335473017516,0.0010566646197574597,0.004298563629968938,0.00044605921368014634,0.0,0.0,0.0004202260295080327,0.29150009281471756,0.056673423511911375,0.003305563940798041,0.046017710113322924,0.02896107727658917,0.23332049889932857,0.4127746081576439,0.022130015610796472,0.003253861851647563,0.516944213269554,0.0008153586473519598,0.0,0.026910252656768913,0.1080792436309354,0.0,0.0001054061754709908,0.0005359331285103867,0.034632772408743906,7.015335180602302e-05,0.0028407359298565607,0.0027012483652905715,0.03054346865364065,0.000490130807102279,0.0012052812030201457
25,0.0017410433028998173,0.00019330336371886872,0.00038217334427037233,0.01904314148100365,0.007999947234388006,0.0006074144024363638,0.0005993621537480293,0.0,0.0,0.00020603080301039448,0.0005236801058270748,0.00020956270738262505,0.00023570279019728422,0.00010240706160829575,0.0,5.01326054415403e-05,0.0006236770454149568,0.00877339235412673,0.0016194891780693197,0.000629932297745448,0.0012519544128289793,0.00020000685676159355,0.0022859544537535397,0.0036778463040682595,0.0007091297664982033,0.0,0.0003101408409447556,0.0011245772400664772,0.0006351541031238457,0.0009495905456821673,0.0004517879682185965,0.00021953307471563732,0.0,0.00107101685126937,0.005427592375514686,0.0006567346143763902,0.009718377695593985,0.00010643125611597775,0.004492440411952684,0.002304514897109993,0.1357504333600472,0.00010287002214981833,39.338026582621424,0.0016698459578071072,0.0026141419131750832,0.0,0.0003623731200183425,0.0025520540967204426,0.000800826789878963,0.002376499352106993
26,0.58376170144127,1.2818270095571598,0.0008390037020807983,1.7059727449907283,0.39456559082404014,0.0,0.0,0.00021356207109898243,1.481299426871465,0.5383852782303368,10.577505010941806,0.018413415520644252,0.00011212884901498492,0.0024540799099886006,0.00018199224957455846,0.3249138744280598,0.06956781887700297,0.00019865072341028418,0.0005972201904899698,0.37637395981034905,0.0,0.01232414590314131,0.01177971994279897,0.00023264338302609117,0.04168775849936372,0.0007137886585093241,0.0,0.372456470751076,9.388726746154903e-05,0.1487730529225344,0.1914748208994298,0.8631272162119973,0.030890416735484896,0.1793096135328839,0.003601239008516466,19.45569180884528,0.0008491821089142935,0.001223151891289638,0.1983875102226753,0.4978535313450112,0.0011502636279282232,0.0,0.0020355924902112307,0.150546007490809,0.0,0.003255959860016746,0.00010547186180667253,0.03503438578473303,0.00010081604150441943,0.003507878657008649
27,0.4668537036138596,0.02084067121890197,0.00011072995759005646,2.09862494144427,0.7279605110380487,0.001002636089212656,0.00041161781598072464,0.0,11.682907066594117,0.0971362898258101,16.87395286862597,0.002173740623707032,0.00010745377699838286,0.0,0.0004371568723431808,0.11210895394482258,0.07032041851380773,0.0,0.002213878253857199,1.119176220602855,0.0006955904260149877,0.0023225575886317257,0.07589061194278585,0.0014509019255609307,0.0028534760862063235,0.0013071581303004095,1.2229899192748217,0.0,0.0001054666678308866,0.865512255504552,0.0714530102105198,0.03970989150739872,0.0,0.4929073505985656,0.006186414445810108,0.401925429818812,9.551590025250855e-05,0.00010295268032726368,0.266911946706671,2.811155626186669,0.0,7.24269905697277e-05,0.0012619893215575911,0.007757345646808441,0.0,0.0,0.0001606386588294807,0.009149897055960634,0.0,0.00507157104347281
28,0.0,0.000241121239909101,0.0013368601511718117,0.003941798339493243,0.00060946447131011,0.0,0.0009282480479991856,0.0051111756961169045,0.0,0.0004659571229415531,0.0,0.0,0.001480404436044765,0.0,39.51213981405893,0.0006289107607427158,0.0,0.0,0.0,0.00047758869192852927,0.0,0.0,0.0001360540845483335,0.0033690767093588433,0.0,0.0,0.00012295981614034656,0.0,0.0,0.0006475739583443992,0.002639040146133605,0.004114291489883761,8.446061479277116e-05,0.0004004715768827333,0.0,0.0014645541335866826,0.008538770321797916,0.0,0.0005641008079999431,0.0013228483429627157,0.0,0.0,0.0,0.003033070420501883,0.0,0.000106533821743507,0.0026143839187005055,0.0012149536301145928,0.005138199642437278,0.000516116680674283
29,0.05010210331116049,0.001431387368218466,0.0008710179001376048,2.961873433345812,0.04794564439980264,0.0,0.002707731158254411,0.0,0.12829125024040589,5.904271948227988,0.6481029805732818,0.0010369343539133572,0.00046745675974122066,0.013426587547262791,0.0,0.0428012822368321,6.901772364173983,0.0007694367145330504,0.0,1.7982716631669193,0.0003045539254120912,0.000465836319249511,0.47707508788874214,0.0002180935258508475,0.0040665862179292194,0.0006227516550656964,0.058919646148292634,1.7602433308347312,0.0001619168096771619,0.0,0.015883417469926678,0.004309797749885729,0.003832771109686258,17.107695450382508,0.0010971649286336397,0.1536398904922714,0.0005339632413241456,0.0005200765912282151,1.086945150459253,0.3596921974749461,0.0003102042617930657,0.0,0.0005942951861467474,0.007183317841029467,8.319387677763333e-05,0.00027844767309070245,9.666708971793329e-05,0.002426296922211391,0.0,0.012045475576454912
30,1.6152940584226378,0.018724375993747797,0.0016929695740724106,1.3344684591709883,28.800128491553213,0.001211962977248384,0.0,0.0007215167137841047,0.25095767607368225,0.02444866114643658,0.5707497865985914,0.005388787788559679,0.004770825820315103,0.00010990317309871377,0.0,0.05452081388968675,0.051130138652390786,0.06719879170939279,0.0,0.12084400230310151,0.0004994098490498887,0.0375939804040127,0.020334680027875363,0.0005857812962800087,0.0017220353652138832,0.0024532456145945473,1.5626384351150788,0.35471612486406295,0.0014126693258991066,0.09162396332804408,0.0,1.9835472650326083,0.0020941927197145153,0.20938163988710373,0.008255127015027114,0.29032103672806636,0.0,0.0007740697863902984,0.36000552414005954,0.8035738432975351,0.0001097256599877667,0.00012301367185684237,0.001129055845168726,0.08519771953523635,0.0022779562147406825,0.0,0.0032893124505435157,0.7877025794981954,0.003116748379287116,0.026548446521553574
31,0.07104377131505768,0.002104543811256404,0.0,0.22418776835300416,0.12390219394884999,0.013792706920144828,0.00010361459745862611,0.0,0.013607790479690027,0.07539332587091951,0.03764488323836803,33.90282522350594,0.00032687795608991145,0.00032413586695512984,0.000181218273525854,0.026672352267105362,0.02079490642358707,0.0,0.0,0.018165899574577708,0.0015596036592841055,0.06685878592013515,0.0030495591222805033,0.0013244228819963596,0.01415837883025314,0.00011241384111320905,0.2190464587528941,0.06419552090019351,0.001038609277138859,0.018602319351803304,0.7328069335308901,0.0,0.07226749771195787,0.029665890427939323,0.0001269709074353523,0.1783225380524026,0.011367646302171222,0.00025382273987740626,0.03132016865064137,0.07066584885596165,0.0023001092089002238,0.002579837107280639,0.001030546683927351,2.9928074501685966,0.0,0.0007256382497803394,0.0003091819268840068,0.5123251421084007,0.00031372051828972795,0.0031825750434705687
32,0.026152140960773524,1.4360520690555691,32.62647512117906,0.04723561576142089,0.013198548463658744,0.0027259204009003222,0.00022992206077960512,0.0,0.008169241204802564,0.03200836951007167,0.011044996686567703,0.03141713125043937,0.0,0.0,0.0,0.2971317317680849,0.0012751496311177925,0.00010278864965065222,0.0,0.008017016010738188,0.0,0.029227156381098487,0.00011090486595856466,0.0,4.239960867996636,0.0011970622538211345,0.10870335927409124,0.015568400904122707,0.0,0.0045801347777354815,0.03579491987008142,0.03948184060455134,0.0,0.006276436527952463,0.0,0.13889599282869622,0.00016511618708800105,0.0,0.003055846953208995,0.017950479618604222,0.003982390975063188,0.00040746363347890973,0.0006895665501696628,0.27583355618994676,0.0,0.03984539756564648,0.0009290368303907698,0.05859124934711442,0.0,0.000905860405046106
33,0.126378707460382,0.002066317005917552,0.00030852782665124914,5.449913861941097,0.05761352300095742,0.0,0.005903122594084379,0.0,0.1904273686796783,0.07654042666050143,0.16122998281935363,0.00020239269709891404,0.0,0.0005735757805080719,0.0,0.01638028890665059,0.4496938468668252,0.0004196712109699508,0.0008859365169659575,4.5613922788695325,0.0003947689168768904,0.0,19.009042573967577,0.00109830789114764,0.0012065916561987428,0.0016740074202048851,0.05737293423240303,0.5901403397214671,0.0003205126422224661,8.319860110056178,0.037507128565330866,0.007804250619247439,0.0023536376033015606,0.0,0.016213061364340833,0.010503882761811634,0.0019101657513467456,0.0007056875912015182,0.19655651554202086,0.193578251432807,0.0007953981836054396,0.004422856512406047,0.0007668767761627304,0.0003489344637602386,0.0,0.0,0.0,0.005518539045536907,4.065251378868822e-05,0.003322989063133152
34,0.004959738590329195,0.0,0.0,0.09566218574877199,0.00036114135314511346,7.603417520877834e-05,0.0,0.0011441356931234225,0.0,0.002457632165876515,0.002039222600102584,0.0,0.0,0.03281533605042775,0.0,0.00012166035864740765,0.0009560565549591418,0.00185809908927039,0.0,0.0023820088382242818,0.004140931075109264,0.00031292487621506645,0.007891673658183777,0.0013212320579919401,0.000728335956968412,0.008609504397597991,0.0017953868931082188,0.003789178925351271,0.0,0.0018841488967639816,0.0071325397685756565,0.00044477586433596745,8.748044766826018e-05,0.005467984485481893,0.0,0.00023579523234776648,9.02987978121277e-05,0.0,0.0041531986494558575,0.004221257409001991,0.0007720115566881355,0.04075045227884702,0.00040409644978544744,0.0026867631091966036,0.00393784943886078,0.0,0.0,0.007658857020934816,0.0,39.3100388746688
35,0.5378113826677853,6.343730793364627,0.0014671401596698054,1.5331401001624607,0.04092520509349285,0.00033038256152086696,0.0,0.00020103595800073968,0.6733629447812668,9.036799376363486,1.070143608230603,0.08158173575034086,0.0,0.0,0.0,5.027885074712613,0.26788411746156715,0.00011216711222421585,0.0016859187075876233,0.2964969533273456,0.00010610382949232929,0.01892070990343556,0.008014696464023632,0.0019782405145399723,1.0513697264553288,0.0005245885529628823,11.165885890707022,0.9494619740322362,0.00020235400342506895,0.15204898623361823,0.14454177035217625,0.08157036800971676,0.007418200167698571,0.2817769223753975,0.0035504152096572828,0.0,0.001801403028374564,0.0,0.19372733895093897,0.5248869999846282,0.002067880434564233,0.0012381605820921012,0.0011109184145714013,0.03704661319095313,0.0,0.0026652497910590657,0.00021039154528646278,0.011332639222416183,0.001995559209230311,0.0043767655508409895
36,0.0040635962190859925,0.00030164999327426294,0.0013475880551736003,0.0076087917013066605,0.002534731286297957,0.0008060727303313589,0.0,39.4713669849737,0.0006098607134154937,0.0,0.0002780270894252201,0.0013251522890807567,0.0,0.00027396544390904265,0.0,0.0004151518045396031,0.0,0.004345660840240254,0.0,0.0006784283864000593,0.00010657474383477989,0.0,0.0,0.0,0.004206788689335573,0.0023804984116303526,0.0003210406307394388,0.0,0.0,0.0016076397651079986,0.0001111147166090231,0.0032034740597853954,0.0,0.0005627631359947194,0.00010221476998469202,0.0012572176635435217,0.0,0.0,0.00020939360912617896,0.0009398104784924136,0.0023084467144735225,0.0,0.024745129508735936,0.00020407857093982694,0.0,0.0,0.00039723496504642515,0.002873825924118229,0.015844426103827747,0.006051469145746868
37,0.0016390205396649587,0.0,0.0,0.013757861723904655,0.006821344509622835,0.0,0.00021072852869953698,0.0,0.0,0.0017203432629239838,0.00045377849968019463,0.0,0.008922534133770024,0.0014307798009801668,0.0,0.0,0.00145797162179142,39.41341743513663,0.02674618636772856,0.0,0.014955952922223412,0.0,0.0007365955901594269,0.0,0.0,0.005445703938476269,0.00024284708282249385,0.003186497658815926,0.0,0.00011022251599287496,0.0007597115935187663,0.0,0.0005965294964844492,0.0017699433858335246,0.0005492171634783459,0.0002625050383742789,0.0008815086535479261,0.0,0.0029466016163036007,0.0017229268959464076,0.0,0.02096129367844442,0.016823355533341296,0.0,0.00011292573874252498,0.00035389192853004257,0.0,0.014016892248090803,0.0,0.00037569632862708736
38,2.1375540529675674,0.013375463056331145,0.0,4.75015912047631,0.4870894467872344,0.0,0.00012559732196172944,0.00023279238447367447,0.156228154702946,0.024815142876987804,1.383136119757977,0.011930621566059552,0.00012138925867621719,0.08173163346340523,0.0,0.0009894941691062482,0.26025575050139643,0.016436600197401702,0.0,1.6237526006504956,0.0023758996804757646,0.004729696382000393,19.58898768580549,0.00011459482817333848,0.0038727111703741953,0.007846154599387771,0.2332945324249495,6.50666963322399,0.001073685240134417,0.26119045889590886,0.21185679228806598,0.016260281523636993,0.001324433993167373,0.0523231579562179,0.00943752211550414,0.2234518753872135,0.005553229570832643,0.00020970508151181105,0.0,1.2068570090763562,0.0012848317214792333,0.17299507577227877,0.0010020504248776027,0.001861059231035749,0.0,0.0,0.0002150788640535957,0.03631412618578678,0.0012443754174220857,0.0631091661325636
39,0.6483722733723529,0.02600458270720186,0.0013045075455077567,1.8108030828978472,0.11907628924744168,0.0015319915525215952,0.0,0.0,0.04863312850173118,0.04856781251185773,0.3386784825867979,0.006198873201988623,0.0009918790308070342,0.000582557876949165,0.0,0.01927820164328603,0.0661745120546526,0.005818641045157951,0.004863025659890802,0.1053542746411928,0.005261972314060966,0.0014715838287519514,0.030159522230263393,0.00016425786829313152,0.001149311813805796,0.003705381289616083,0.158892486520843,1.7521258712905465,0.002383307895475095,0.056751154269867495,0.10007675329184965,0.010797093560297,0.0,0.18564701489237775,0.058819644461373354,0.16291571009480169,0.00022065515059496667,0.012016853265498898,33.73490350539164,0.0,0.0,0.0,0.0010086930034026395,0.007961021670865211,0.0001538221532928904,0.0,0.00019439634540054817,0.022436027375806696,0.00028316045229220387,0.0016554866262129405
40,0.0015711539301990094,0.0,0.0,0.009184427142001388,0.001420671587845533,0.0,0.0034656722854940133,0.0,0.0,0.0008246653086532474,0.0007270021349414426,0.0010180770004556692,39.48275031709596,0.0,0.0036590248399025554,0.0,9.375839836552705e-05,0.0018854727990057906,0.00704241031654668,0.00044857559985706354,0.0011526390877999444,0.0003067590261114316,0.0017898310378082394,0.0,0.0013461035136235657,0.006261728220867687,0.000617095078356733,0.0023782052655984356,8.744274083190551e-05,0.0009206631637927266,0.001844503590300479,0.0001035317657944024,0.0026308993980791195,0.000929300225136748,0.00044783945901480946,0.0002921237105414588,0.0006803095941206358,0.00849386291318424,0.003131116410066538,0.0025071174160662514,0.0,0.0004946060502360686,0.00022708745734079843,0.000595903448741719,0.0006888215474391334,0.0,0.0,0.00099832061651209,0.009425585694116632,0.0009461782625022521
41,0.0005864840120133908,0.00036122378262280584,0.0,0.05668750448212599,0.0019596274747965183,0.0011118151614195025,0.0,0.0,0.0012458060975591462,0.00011374359542860505,0.0005543354978107217,0.0,0.0012947958040930396,0.08313791574088171,0.0,0.0,0.003468745497391666,0.0005817964879373049,0.001114540385017632,0.0018923877367187428,0.00020928774305503195,0.000245886698742488,0.04728061571349426,0.00020101633118083806,0.0,0.004791997490770178,0.000985253687308797,0.002188596122062444,0.0,0.004286508135749119,0.0028068301141409248,0.000496308954172904,0.0007388436390505034,0.009907058577611892,39.27012034902685,0.0003991554771159569,0.0007554917975512336,0.0,0.018606669410420183,0.005769914629403336,0.001823405272324478,0.0,0.0,0.0045248762543750485,0.0012406993369833237,0.0,0.0,0.00022005768721834637,0.0,0.03167925927788578
42,0.0016679391236276806,0.0006880514396386721,0.0,0.017371900574652026,0.006290321794604624,0.0,0.0013574693645696846,0.01582705011249907,0.0009797963954583915,0.0013216898337993122,0.0004558154705922266,0.0,0.0015050973023791616,0.006984235130842553,0.0,0.0,0.0006853861418624044,0.00010430991333787195,0.0008744723900868795,0.0002267902445669563,0.046557241024204825,0.0002106635622072026,0.0008538205327282024,0.01423461336978759,0.0,0.04239855986816886,0.0,0.0007585216585378348,0.0,0.0004409615201130487,0.001776679658367302,0.0011396938595230304,0.0,0.0025949155143066994,0.0024605385054837533,0.0013331202536037358,0.03786984814803868,0.013816153457381405,0.0010199000539420978,0.009135006052010071,39.2921144047551,0.0,0.0,0.0009413177754417665,0.008303718479100525,0.0010527101215128225,0.00019960278842785084,0.006961042184935879,0.020875444757796555,0.0
43,0.09328401597343361,0.14271936516896122,0.2823549589939613,0.3853166414533911,0.2761091933280194,0.07297010645675762,0.0,0.0,0.03582797697572699,0.08551319432941659,0.046277811656972694,0.1241193744568074,0.0004507774577458165,0.01452352654615681,0.0015309975515213523,0.058447906202168956,0.004007920060809788,0.003020566711608597,0.0,0.054301380323843934,0.00010739405780822558,0.520833432797655,0.005416175729134329,0.00021463331050056728,0.23234567149915214,0.002167187343269157,3.4705430531429866,0.08833920355204733,0.0,0.030817611403853026,0.7238879201518446,31.27863975863643,0.5929980492314828,0.045823531336223015,0.0025342494813230337,0.19548373319309614,0.0010595723623061052,0.0,0.0290786581608685,0.09222413576710364,0.0,0.0002121260900617664,0.0025400548138623364,0.0,0.0,0.0006060733611778625,0.0002952734274871158,0.5577892156039844,0.0010603474376438672,0.0075960275954408945
44,0.0008272692720181067,0.0,0.0,0.004565534625492891,0.005371421547190114,0.0,0.010725586632310566,0.0028890440799641563,0.00020376290611403089,0.0,0.00011289144899748711,7.010776568140104e-05,0.010965680601353224,0.0023635242924955227,0.0,0.00025311155827015567,0.00010341521600594181,0.0,0.006995267962473319,4.065251378868822e-05,39.44768705557262,0.00020230957733708563,0.0027117232262523164,0.0014082485960910508,0.0,0.008646778813331838,0.0016384567658371475,0.0,0.003026008065821429,0.0008158879734122192,0.0,0.0010760590701402813,0.0,0.0007094495818185058,0.0,0.0012092076311943937,5.843737900989678e-05,0.009178850013988113,0.0006686160227626769,0.00057762063017987,0.030421891985321595,0.0015623795134043098,0.0024616908618209105,0.00034744483931373004,0.0,0.0,0.00017881901298042488,0.0003210013889166712,0.0017302001522077847,0.0012633960372937948
45,0.00012809345838178906,0.002212427063468163,5.8450506190977105,0.006481011467527441,0.0006224795407163118,33.3683361914945,0.0,0.0,0.0,0.0008177423396485542,0.004039390468221926,0.006164944896472512,0.0,0.0015966970618352305,0.0018985682486467696,0.0005694580989653324,0.0,0.0,0.00013605017907574428,0.0007133958675518953,0.0,0.06880777302538629,0.0,0.0,0.03961689578372566,0.00028672656938036133,0.038266975769612556,0.0032464370214610075,0.0007759492473866603,0.0010169399848369124,0.04206355629063789,0.0570927977696935,0.0023203390491235393,0.0014065119316674303,0.0014706007698336925,0.004263068179999877,0.0,0.0,0.00035676356748103163,0.002265289659006273,0.0041119271898035804,0.0002648237481584216,0.00010071221155948791,0.04407354718179461,0.0,0.0,0.0,0.012814098901102942,0.0,0.0
46,0.0028225676329872115,0.0020264111339898445,0.007547447207620068,0.016042195101824988,0.005232467807657849,0.0,0.0,0.00779153844658555,0.001120968997461708,0.0,0.004164672134036232,0.0032556323975063252,0.0,0.0,0.023001402516130812,0.0011706182735956706,0.00014002835844814134,0.0,0.0003207940253331925,0.001988584161704526,0.0,36.47426203403863,0.00042441373717240553,0.0005356217793601733,0.005500386691617859,0.004796497141957936,0.0030992803501979907,0.0015711637913396741,0.0017036855859300642,9.777538822576565e-05,0.04153021398691026,0.00012581236974750458,0.02826663901485802,0.0010490234466304061,0.000831363196054027,0.008458674197611054,0.0035219032765675478,0.0047011437234097,0.0034689687342209004,0.0020152851048554398,0.004795171861550264,0.0016283513352910864,0.003732608920606107,0.09670932723001081,0.0,0.04103019756879149,0.0,2.7498779598112457,0.002586483640524488,0.00044348901577075827
47,0.2284821737958605,0.022564877687568204,0.17937531484892855,0.5667971200026017,1.6667925950491582,5.0616629122951275,0.0010198674254511253,0.0,0.05175149839884992,0.02825735702586016,0.10800496909087426,0.1713435807501345,0.02220461394651789,0.0,0.005769401710257279,0.0877735334588491,0.007879848095430124,0.003278333626493508,0.0,0.06095464939800647,0.0005373381040134572,0.04150744696789756,0.015943648719829336,0.0020894508379744425,0.02358400069529578,0.006789045572010444,0.9042510526064091,0.22829845183202827,0.0007604003741562512,0.039223913125626945,25.923885496725998,2.3706462542341904,0.020340041199726745,0.07343503411879067,0.013079369738717253,0.5176581219055783,0.419159208312552,0.0018019478623951624,0.08434711102138456,0.1838499302519454,0.003552970441242772,0.0009586130328030711,0.015284325108305035,0.3671598367282647,0.0039815015745281864,0.0,0.008406975083388224,0.0,0.010655744228411469,0.008288926124478659
48,0.005401370643353337,0.0,0.00011534346724452121,0.0376281658375633,0.018757870976196064,0.0016845356518984493,0.0003566945549780795,0.0,0.001348585604435186,0.0,0.00429910930059795,0.0013637705547486407,0.015905079273934246,0.001542358385083258,0.0,0.00031527621859039705,0.002093014298793248,0.0002294702807473187,0.0206820803213624,0.006698260957989966,0.0,0.0005516996335633365,0.0028735840070714096,0.004514083461906788,0.0014653757465463955,0.015479384467881158,0.004156165937491466,0.0035260951377326494,0.01244539445206861,0.002522229204989714,0.07623665175342442,0.041568139521123156,0.0002251115368648148,0.008265893044318667,0.0066873853103660945,0.008836064685011386,39.018072759396304,0.0,0.00691030306087983,0.04694707528668219,0.013243985901529268,0.013556522563195518,0.037105167867512584,0.0015669811558442239,0.0006615847031949657,0.0,0.00010744873990837858,0.11698698849540311,0.0,0.0004557417350666116
49,0.06363615147619667,0.0,0.0,0.09394660679666221,0.0011600833546833809,0.0,0.0,0.0,0.0002351876395319076,0.0075920345930103675,0.0016797501051107467,0.0005849676486608135,0.0,39.17090728981365,0.0,0.0012471800768376218,0.002545941989176175,0.0,6.49062374982401e-05,0.0016513747168861509,0.0,0.00011905511098089738,0.04423195570323923,0.00020105979084288224,0.0005514131147339293,0.0004190534521896881,0.004153182127595912,0.003061359192624316,0.0,0.0011741689410281083,0.01901302543175778,0.0,0.00048812382780592106,0.005162504488282193,0.07274790608505115,0.0003140882094604159,0.00010810506600067915,0.0036870028849154642,0.007154873298886826,0.023113369530567758,0.004387643161149132,0.011136906387396655,0.00456190488767184,0.0003760195061655167,0.009236206831623038,0.0,0.0,0.0027384016554353155,0.0,0.0
